{
  "timestamp": "2025-11-17T16:23:38.4882676-09:00",
  "llm_latency_seconds": 2.369907,
  "total_pipeline_seconds": 2.369907
}