{
  "timestamp": "2025-11-17T16:23:47.0835824-09:00",
  "llm_latency_seconds": 2.9718964,
  "total_pipeline_seconds": 2.9718964
}