{
  "timestamp": "2025-11-17T16:23:30.8941397-09:00",
  "llm_latency_seconds": 3.7946023,
  "total_pipeline_seconds": 3.7946023
}