{
  "timestamp": "2025-11-17T16:23:16.5095123-09:00",
  "llm_latency_seconds": 3.5272455,
  "total_pipeline_seconds": 3.5272455
}