{
  "timestamp": "2025-11-17T16:22:03.4310265-09:00",
  "llm_latency_seconds": 3.5288444,
  "total_pipeline_seconds": 3.5288444
}