{
  "timestamp": "2025-11-17T16:22:12.6757089-09:00",
  "llm_latency_seconds": 2.730112,
  "total_pipeline_seconds": 2.730112
}