{
  "timestamp": "2025-11-17T16:22:09.1278333-09:00",
  "llm_latency_seconds": 4.1451471,
  "total_pipeline_seconds": 4.1451471
}