{
  "timestamp": "2025-11-17T16:24:10.5432927-09:00",
  "llm_latency_seconds": 3.4318866,
  "total_pipeline_seconds": 3.4318866
}