{
  "timestamp": "2025-11-17T16:24:29.6657688-09:00",
  "llm_latency_seconds": 3.548335,
  "total_pipeline_seconds": 3.548335
}