{
  "timestamp": "2025-11-17T16:22:22.3214268-09:00",
  "llm_latency_seconds": 3.3828753,
  "total_pipeline_seconds": 3.3828753
}