{
  "timestamp": "2025-11-17T16:24:15.0282423-09:00",
  "llm_latency_seconds": 2.926968,
  "total_pipeline_seconds": 2.926968
}