{
  "timestamp": "2025-11-17T16:24:24.494252-09:00",
  "llm_latency_seconds": 3.370529,
  "total_pipeline_seconds": 3.370529
}