{
  "timestamp": "2025-11-17T16:24:01.5930699-09:00",
  "llm_latency_seconds": 3.4821456,
  "total_pipeline_seconds": 3.4821456
}