{
  "timestamp": "2025-11-17T16:23:07.6667608-09:00",
  "llm_latency_seconds": 2.6912619,
  "total_pipeline_seconds": 2.6912619
}