{
  "timestamp": "2025-11-17T16:22:30.7619988-09:00",
  "llm_latency_seconds": 2.8141517,
  "total_pipeline_seconds": 2.8141517
}