{
  "timestamp": "2025-11-17T16:23:04.0240123-09:00",
  "llm_latency_seconds": 3.0804209,
  "total_pipeline_seconds": 3.0804209
}