{
  "timestamp": "2025-11-17T16:24:06.2680109-09:00",
  "llm_latency_seconds": 3.1647603,
  "total_pipeline_seconds": 3.1647603
}