{
  "timestamp": "2025-11-17T16:23:35.0016925-09:00",
  "llm_latency_seconds": 2.904058,
  "total_pipeline_seconds": 2.904058
}