{
  "timestamp": "2025-11-17T16:22:35.4699129-09:00",
  "llm_latency_seconds": 3.532835,
  "total_pipeline_seconds": 3.532835
}