{
  "timestamp": "2025-11-17T16:22:59.79252-09:00",
  "llm_latency_seconds": 2.838104,
  "total_pipeline_seconds": 2.838104
}