{
  "timestamp": "2025-11-17T16:22:50.2283587-09:00",
  "llm_latency_seconds": 3.2927195,
  "total_pipeline_seconds": 3.2927195
}