{
  "timestamp": "2025-11-17T16:23:12.0894889-09:00",
  "llm_latency_seconds": 3.025308,
  "total_pipeline_seconds": 3.025308
}