{
  "timestamp": "2025-11-17T16:22:46.0715883-09:00",
  "llm_latency_seconds": 9.1223477,
  "total_pipeline_seconds": 9.1223477
}