{
  "timestamp": "2025-11-17T16:23:43.2784286-09:00",
  "llm_latency_seconds": 3.1670669,
  "total_pipeline_seconds": 3.1670669
}