{
  "timestamp": "2025-11-17T16:23:51.8637532-09:00",
  "llm_latency_seconds": 3.7575849,
  "total_pipeline_seconds": 3.7575849
}