{
  "timestamp": "2025-11-17T16:22:55.7351812-09:00",
  "llm_latency_seconds": 3.7931344,
  "total_pipeline_seconds": 3.7931344
}