{
  "timestamp": "2025-11-17T16:23:56.4005507-09:00",
  "llm_latency_seconds": 3.3032579,
  "total_pipeline_seconds": 3.3032579
}