{
  "timestamp": "2025-11-17T16:22:27.1271151-09:00",
  "llm_latency_seconds": 3.1836618,
  "total_pipeline_seconds": 3.1836618
}