{
  "timestamp": "2025-11-17T16:22:17.8444276-09:00",
  "llm_latency_seconds": 3.8958587,
  "total_pipeline_seconds": 3.8958587
}