{
  "timestamp": "2025-11-17T16:24:20.0603675-09:00",
  "llm_latency_seconds": 3.9349323,
  "total_pipeline_seconds": 3.9349323
}