{
  "timestamp": "2025-11-17T16:23:20.4700806-09:00",
  "llm_latency_seconds": 2.4520416,
  "total_pipeline_seconds": 2.4520416
}