{
  "timestamp": "2025-11-17T16:23:25.3653448-09:00",
  "llm_latency_seconds": 3.3077589,
  "total_pipeline_seconds": 3.3077589
}