{
  "timestamp": "2025-11-17T16:24:40.4545817-09:00",
  "llm_latency_seconds": 4.340445,
  "total_pipeline_seconds": 4.340445
}