{
  "timestamp": "2025-11-17T16:24:34.6667398-09:00",
  "llm_latency_seconds": 3.5579734,
  "total_pipeline_seconds": 3.5579734
}