{
  "timestamp": "2025-11-17T16:26:59.1736124-09:00",
  "llm_latency_seconds": 4.1296134,
  "total_pipeline_seconds": 4.1296134
}