{
  "timestamp": "2025-11-17T16:26:09.2443885-09:00",
  "llm_latency_seconds": 4.3284926,
  "total_pipeline_seconds": 4.3284926
}