{
  "timestamp": "2025-11-17T16:27:38.0908965-09:00",
  "llm_latency_seconds": 3.9288142,
  "total_pipeline_seconds": 3.9288142
}