{
  "timestamp": "2025-11-17T16:26:15.6627198-09:00",
  "llm_latency_seconds": 4.7078335,
  "total_pipeline_seconds": 4.7078335
}