{
  "timestamp": "2025-11-17T16:27:42.2136542-09:00",
  "llm_latency_seconds": 3.0360247,
  "total_pipeline_seconds": 3.0360247
}