{
  "timestamp": "2025-11-17T16:26:33.4911023-09:00",
  "llm_latency_seconds": 3.4988097,
  "total_pipeline_seconds": 3.4988097
}