{
  "timestamp": "2025-11-17T16:26:20.2740366-09:00",
  "llm_latency_seconds": 3.327364,
  "total_pipeline_seconds": 3.327364
}