{
  "timestamp": "2025-11-17T16:28:01.7673733-09:00",
  "llm_latency_seconds": 3.5956968,
  "total_pipeline_seconds": 3.5956968
}