{
  "timestamp": "2025-11-17T16:27:07.5153316-09:00",
  "llm_latency_seconds": 3.4795642,
  "total_pipeline_seconds": 3.4795642
}