{
  "timestamp": "2025-11-17T16:28:20.5230542-09:00",
  "llm_latency_seconds": 3.3470441,
  "total_pipeline_seconds": 3.3470441
}