{
  "timestamp": "2025-11-17T16:27:23.2191444-09:00",
  "llm_latency_seconds": 4.1477663,
  "total_pipeline_seconds": 4.1477663
}