{
  "timestamp": "2025-11-17T16:26:49.1750111-09:00",
  "llm_latency_seconds": 4.172259,
  "total_pipeline_seconds": 4.172259
}