{
  "timestamp": "2025-11-17T16:26:03.7973858-09:00",
  "llm_latency_seconds": 3.8768997,
  "total_pipeline_seconds": 3.8768997
}