{
  "timestamp": "2025-11-17T16:26:25.1218889-09:00",
  "llm_latency_seconds": 3.162844,
  "total_pipeline_seconds": 3.162844
}