{
  "timestamp": "2025-11-17T16:26:53.4377042-09:00",
  "llm_latency_seconds": 3.4483851,
  "total_pipeline_seconds": 3.4483851
}