{
  "timestamp": "2025-11-17T16:28:15.8446755-09:00",
  "llm_latency_seconds": 3.6320288,
  "total_pipeline_seconds": 3.6320288
}