{
  "timestamp": "2025-11-17T16:26:38.3280146-09:00",
  "llm_latency_seconds": 3.3295897,
  "total_pipeline_seconds": 3.3295897
}