{
  "timestamp": "2025-11-17T16:26:29.2184226-09:00",
  "llm_latency_seconds": 3.2346397,
  "total_pipeline_seconds": 3.2346397
}