{
  "timestamp": "2025-11-17T16:27:17.3507818-09:00",
  "llm_latency_seconds": 3.289239,
  "total_pipeline_seconds": 3.289239
}