{
  "timestamp": "2025-11-17T16:28:37.6931816-09:00",
  "llm_latency_seconds": 3.4767774,
  "total_pipeline_seconds": 3.4767774
}