{
  "timestamp": "2025-11-17T16:27:46.9018631-09:00",
  "llm_latency_seconds": 3.7385583,
  "total_pipeline_seconds": 3.7385583
}