{
  "timestamp": "2025-11-17T16:28:11.4333025-09:00",
  "llm_latency_seconds": 3.2779368,
  "total_pipeline_seconds": 3.2779368
}