{
  "timestamp": "2025-11-17T16:27:56.8422634-09:00",
  "llm_latency_seconds": 3.6608043,
  "total_pipeline_seconds": 3.6608043
}