{
  "timestamp": "2025-11-17T16:27:02.9049293-09:00",
  "llm_latency_seconds": 2.8737228,
  "total_pipeline_seconds": 2.8737228
}