{
  "timestamp": "2025-11-17T16:27:32.826-09:00",
  "llm_latency_seconds": 3.6660465,
  "total_pipeline_seconds": 3.6660465
}