{
  "timestamp": "2025-11-17T16:28:26.8814725-09:00",
  "llm_latency_seconds": 4.6843963,
  "total_pipeline_seconds": 4.6843963
}