{
  "timestamp": "2025-11-17T16:27:51.4892638-09:00",
  "llm_latency_seconds": 3.3268581,
  "total_pipeline_seconds": 3.3268581
}