{
  "timestamp": "2025-11-17T16:26:43.545928-09:00",
  "llm_latency_seconds": 3.5479269,
  "total_pipeline_seconds": 3.5479269
}