{
  "timestamp": "2025-11-17T16:27:28.2606557-09:00",
  "llm_latency_seconds": 4.1836334,
  "total_pipeline_seconds": 4.1836334
}