{
  "timestamp": "2025-11-17T16:27:12.6169627-09:00",
  "llm_latency_seconds": 3.5762731,
  "total_pipeline_seconds": 3.5762731
}