{
  "timestamp": "2025-11-17T16:28:06.8544255-09:00",
  "llm_latency_seconds": 3.723343,
  "total_pipeline_seconds": 3.723343
}