{
  "timestamp": "2025-11-17T16:28:32.8675789-09:00",
  "llm_latency_seconds": 4.6654956,
  "total_pipeline_seconds": 4.6654956
}