{
  "timestamp": "2025-11-03T22:39:37.1383346-09:00",
  "llm_latency_seconds": 7.2256012,
  "total_pipeline_seconds": 7.2256012
}