{
  "timestamp": "2025-11-03T22:39:00.5271743-09:00",
  "llm_latency_seconds": 5.4654722,
  "total_pipeline_seconds": 5.4654722
}