{
  "timestamp": "2025-11-03T22:39:20.4521031-09:00",
  "llm_latency_seconds": 5.6368598,
  "total_pipeline_seconds": 5.6368598
}