{
  "timestamp": "2025-11-03T22:38:30.0227246-09:00",
  "llm_latency_seconds": 6.2845531,
  "total_pipeline_seconds": 6.2845531
}