{
  "timestamp": "2025-11-03T22:38:47.9196904-09:00",
  "llm_latency_seconds": 5.0471027,
  "total_pipeline_seconds": 5.0471027
}