{
  "timestamp": "2025-11-03T22:39:14.0309689-09:00",
  "llm_latency_seconds": 6.2088323,
  "total_pipeline_seconds": 6.2088323
}