{
  "timestamp": "2025-11-03T22:39:07.0389596-09:00",
  "llm_latency_seconds": 5.5893681,
  "total_pipeline_seconds": 5.5893681
}