{
  "timestamp": "2025-11-03T22:39:29.1218951-09:00",
  "llm_latency_seconds": 7.9364472,
  "total_pipeline_seconds": 7.9364472
}