{
  "timestamp": "2025-11-03T22:38:37.0734966-09:00",
  "llm_latency_seconds": 6.3452445,
  "total_pipeline_seconds": 6.3452445
}