{
  "timestamp": "2025-11-03T22:38:54.0026288-09:00",
  "llm_latency_seconds": 5.3553783,
  "total_pipeline_seconds": 5.3553783
}