{
  "timestamp": "2025-11-03T22:39:52.7924945-09:00",
  "llm_latency_seconds": 8.3409297,
  "total_pipeline_seconds": 8.3409297
}