{
  "timestamp": "2025-11-03T22:38:41.9558273-09:00",
  "llm_latency_seconds": 3.7120229,
  "total_pipeline_seconds": 3.7120229
}