{
  "timestamp": "2025-11-03T22:38:23.0620374-09:00",
  "llm_latency_seconds": 6.2221522,
  "total_pipeline_seconds": 6.2221522
}