{
  "timestamp": "2025-11-03T22:39:43.347048-09:00",
  "llm_latency_seconds": 5.2943205,
  "total_pipeline_seconds": 5.2943205
}