{
  "timestamp": "2025-11-17T15:48:46.1574921-09:00",
  "llm_latency_seconds": 3.9898918,
  "total_pipeline_seconds": 3.9898918
}