{
  "timestamp": "2025-11-17T15:49:29.1316761-09:00",
  "llm_latency_seconds": 3.8257897,
  "total_pipeline_seconds": 3.8257897
}