{
  "timestamp": "2025-11-17T15:48:26.0311247-09:00",
  "llm_latency_seconds": 3.9290655,
  "total_pipeline_seconds": 3.9290655
}