{
  "timestamp": "2025-11-17T15:51:05.7064213-09:00",
  "llm_latency_seconds": 3.4409493,
  "total_pipeline_seconds": 3.4409493
}