{
  "timestamp": "2025-11-17T15:50:56.5364696-09:00",
  "llm_latency_seconds": 3.2509502,
  "total_pipeline_seconds": 3.2509502
}