{
  "timestamp": "2025-11-17T15:51:10.428847-09:00",
  "llm_latency_seconds": 3.1669487,
  "total_pipeline_seconds": 3.1669487
}