{
  "timestamp": "2025-11-17T15:50:25.6921134-09:00",
  "llm_latency_seconds": 3.4174578,
  "total_pipeline_seconds": 3.4174578
}