{
  "timestamp": "2025-11-17T15:47:05.4252463-09:00",
  "llm_latency_seconds": 3.4514575,
  "total_pipeline_seconds": 3.4514575
}