{
  "timestamp": "2025-11-17T15:49:46.214411-09:00",
  "llm_latency_seconds": 3.9342791,
  "total_pipeline_seconds": 3.9342791
}