{
  "timestamp": "2025-11-17T15:49:04.4533628-09:00",
  "llm_latency_seconds": 3.2739244,
  "total_pipeline_seconds": 3.2739244
}