{
  "timestamp": "2025-11-17T15:48:59.8304968-09:00",
  "llm_latency_seconds": 3.5431343,
  "total_pipeline_seconds": 3.5431343
}