{
  "timestamp": "2025-11-17T15:46:13.4686903-09:00",
  "llm_latency_seconds": 3.4013088,
  "total_pipeline_seconds": 3.4013088
}