{
  "timestamp": "2025-11-17T15:49:50.9626059-09:00",
  "llm_latency_seconds": 3.6677929,
  "total_pipeline_seconds": 3.6677929
}