{
  "timestamp": "2025-11-17T15:53:57.463753-09:00",
  "llm_latency_seconds": 3.9058977,
  "total_pipeline_seconds": 3.9058977
}