{
  "timestamp": "2025-11-17T15:48:10.6753378-09:00",
  "llm_latency_seconds": 3.6217132,
  "total_pipeline_seconds": 3.6217132
}