{
  "timestamp": "2025-11-17T15:48:15.4234383-09:00",
  "llm_latency_seconds": 3.3609473,
  "total_pipeline_seconds": 3.3609473
}