{
  "timestamp": "2025-11-17T15:48:01.846719-09:00",
  "llm_latency_seconds": 2.7974576,
  "total_pipeline_seconds": 2.7974576
}