{
  "timestamp": "2025-11-17T15:46:46.1414168-09:00",
  "llm_latency_seconds": 3.1697107,
  "total_pipeline_seconds": 3.1697107
}