{
  "timestamp": "2025-11-17T15:47:33.6558535-09:00",
  "llm_latency_seconds": 3.6336914,
  "total_pipeline_seconds": 3.6336914
}