{
  "timestamp": "2025-11-17T15:46:22.7604385-09:00",
  "llm_latency_seconds": 7.7088418,
  "total_pipeline_seconds": 7.7088418
}