{
  "timestamp": "2025-11-17T15:48:50.9063128-09:00",
  "llm_latency_seconds": 3.7386393,
  "total_pipeline_seconds": 3.7386393
}