{
  "timestamp": "2025-11-17T15:53:04.4476673-09:00",
  "llm_latency_seconds": 3.7329396,
  "total_pipeline_seconds": 3.7329396
}