{
  "timestamp": "2025-11-17T15:48:05.8682512-09:00",
  "llm_latency_seconds": 2.8175977,
  "total_pipeline_seconds": 2.8175977
}