{
  "timestamp": "2025-11-17T15:46:05.2757437-09:00",
  "llm_latency_seconds": 4.2384814,
  "total_pipeline_seconds": 4.2384814
}