{
  "timestamp": "2025-11-17T15:52:30.0424068-09:00",
  "llm_latency_seconds": 3.7398333,
  "total_pipeline_seconds": 3.7398333
}