{
  "timestamp": "2025-11-17T15:46:37.8871741-09:00",
  "llm_latency_seconds": 3.9253031,
  "total_pipeline_seconds": 3.9253031
}