{
  "timestamp": "2025-11-17T15:52:48.380979-09:00",
  "llm_latency_seconds": 2.7502242,
  "total_pipeline_seconds": 2.7502242
}