{
  "timestamp": "2025-11-17T15:52:02.1268538-09:00",
  "llm_latency_seconds": 2.7994566,
  "total_pipeline_seconds": 2.7994566
}