{
  "timestamp": "2025-11-17T15:51:14.6524175-09:00",
  "llm_latency_seconds": 3.3764591,
  "total_pipeline_seconds": 3.3764591
}