{
  "timestamp": "2025-11-17T15:52:25.3616481-09:00",
  "llm_latency_seconds": 3.0713236,
  "total_pipeline_seconds": 3.0713236
}