{
  "timestamp": "2025-11-17T15:46:08.9587424-09:00",
  "llm_latency_seconds": 2.8935485,
  "total_pipeline_seconds": 2.8935485
}