{
  "timestamp": "2025-11-17T15:49:09.4647269-09:00",
  "llm_latency_seconds": 3.304071,
  "total_pipeline_seconds": 3.304071
}