{
  "timestamp": "2025-11-17T15:50:30.1654339-09:00",
  "llm_latency_seconds": 2.8980193,
  "total_pipeline_seconds": 2.8980193
}