{
  "timestamp": "2025-11-17T15:46:42.1810999-09:00",
  "llm_latency_seconds": 3.2084458,
  "total_pipeline_seconds": 3.2084458
}