{
  "timestamp": "2025-11-17T15:49:56.5368005-09:00",
  "llm_latency_seconds": 4.2442324,
  "total_pipeline_seconds": 4.2442324
}