{
  "timestamp": "2025-11-17T15:47:57.9150414-09:00",
  "llm_latency_seconds": 3.8237095,
  "total_pipeline_seconds": 3.8237095
}