{
  "timestamp": "2025-11-17T15:51:39.2282729-09:00",
  "llm_latency_seconds": 3.9118886,
  "total_pipeline_seconds": 3.9118886
}