{
  "timestamp": "2025-11-17T15:48:20.9196755-09:00",
  "llm_latency_seconds": 3.8578892,
  "total_pipeline_seconds": 3.8578892
}