{
  "timestamp": "2025-11-17T15:50:52.0962535-09:00",
  "llm_latency_seconds": 2.8464209,
  "total_pipeline_seconds": 2.8464209
}