{
  "timestamp": "2025-11-17T15:50:34.1703703-09:00",
  "llm_latency_seconds": 2.892703,
  "total_pipeline_seconds": 2.892703
}