{
  "timestamp": "2025-11-17T15:49:19.2543498-09:00",
  "llm_latency_seconds": 3.089549,
  "total_pipeline_seconds": 3.089549
}