{
  "timestamp": "2025-11-17T15:47:00.3320318-09:00",
  "llm_latency_seconds": 3.3486762,
  "total_pipeline_seconds": 3.3486762
}