{
  "timestamp": "2025-11-17T15:51:24.8233831-09:00",
  "llm_latency_seconds": 3.5225993,
  "total_pipeline_seconds": 3.5225993
}