{
  "timestamp": "2025-11-17T15:51:30.0575178-09:00",
  "llm_latency_seconds": 3.7537485,
  "total_pipeline_seconds": 3.7537485
}