{
  "timestamp": "2025-11-17T15:47:10.7337518-09:00",
  "llm_latency_seconds": 3.7619469,
  "total_pipeline_seconds": 3.7619469
}