{
  "timestamp": "2025-11-17T15:50:06.0658143-09:00",
  "llm_latency_seconds": 2.792512,
  "total_pipeline_seconds": 2.792512
}