{
  "timestamp": "2025-11-17T15:50:15.5445639-09:00",
  "llm_latency_seconds": 3.2685952,
  "total_pipeline_seconds": 3.2685952
}