{
  "timestamp": "2025-11-17T15:49:40.7637073-09:00",
  "llm_latency_seconds": 4.4712949,
  "total_pipeline_seconds": 4.4712949
}