{
  "timestamp": "2025-11-17T15:52:53.1940478-09:00",
  "llm_latency_seconds": 3.5600889,
  "total_pipeline_seconds": 3.5600889
}