{
  "timestamp": "2025-11-17T15:51:01.2487569-09:00",
  "llm_latency_seconds": 2.9847835,
  "total_pipeline_seconds": 2.9847835
}