{
  "timestamp": "2025-11-17T15:51:52.7407495-09:00",
  "llm_latency_seconds": 3.3849108,
  "total_pipeline_seconds": 3.3849108
}