{
  "timestamp": "2025-11-17T15:51:48.1003429-09:00",
  "llm_latency_seconds": 3.8124543,
  "total_pipeline_seconds": 3.8124543
}