{
  "timestamp": "2025-11-17T15:52:44.634999-09:00",
  "llm_latency_seconds": 3.973402,
  "total_pipeline_seconds": 3.973402
}