{
  "timestamp": "2025-11-17T15:47:47.2752069-09:00",
  "llm_latency_seconds": 3.2740235,
  "total_pipeline_seconds": 3.2740235
}