{
  "timestamp": "2025-11-17T15:51:19.7034151-09:00",
  "llm_latency_seconds": 3.4069872,
  "total_pipeline_seconds": 3.4069872
}