{
  "timestamp": "2025-11-17T15:51:43.0287927-09:00",
  "llm_latency_seconds": 2.7100384,
  "total_pipeline_seconds": 2.7100384
}