{
  "timestamp": "2025-11-17T15:49:14.9759994-09:00",
  "llm_latency_seconds": 3.7981839,
  "total_pipeline_seconds": 3.7981839
}