{
  "timestamp": "2025-11-17T15:47:14.7594158-09:00",
  "llm_latency_seconds": 2.7764999,
  "total_pipeline_seconds": 2.7764999
}