{
  "timestamp": "2025-11-17T15:48:55.3173247-09:00",
  "llm_latency_seconds": 3.1838068,
  "total_pipeline_seconds": 3.1838068
}