{
  "timestamp": "2025-11-17T15:49:34.638039-09:00",
  "llm_latency_seconds": 4.3321382,
  "total_pipeline_seconds": 4.3321382
}