{
  "timestamp": "2025-11-17T15:50:48.2568432-09:00",
  "llm_latency_seconds": 3.9850103,
  "total_pipeline_seconds": 3.9850103
}