{
  "timestamp": "2025-11-17T15:46:27.4166356-09:00",
  "llm_latency_seconds": 3.4269508,
  "total_pipeline_seconds": 3.4269508
}