{
  "timestamp": "2025-11-17T15:46:32.3882809-09:00",
  "llm_latency_seconds": 3.4069655,
  "total_pipeline_seconds": 3.4069655
}