{
  "timestamp": "2025-11-17T15:47:42.4519386-09:00",
  "llm_latency_seconds": 3.4446987,
  "total_pipeline_seconds": 3.4446987
}