{
  "timestamp": "2025-11-17T15:52:11.8480183-09:00",
  "llm_latency_seconds": 3.5319497,
  "total_pipeline_seconds": 3.5319497
}