{
  "timestamp": "2025-11-17T15:47:37.9672904-09:00",
  "llm_latency_seconds": 2.9537098,
  "total_pipeline_seconds": 2.9537098
}