{
  "timestamp": "2025-11-17T15:51:57.9165658-09:00",
  "llm_latency_seconds": 3.6155198,
  "total_pipeline_seconds": 3.6155198
}