{
  "timestamp": "2025-11-17T15:47:28.547194-09:00",
  "llm_latency_seconds": 3.5733069,
  "total_pipeline_seconds": 3.5733069
}