{
  "timestamp": "2025-11-17T15:48:41.0994495-09:00",
  "llm_latency_seconds": 3.9823265,
  "total_pipeline_seconds": 3.9823265
}