{
  "timestamp": "2025-11-17T15:52:58.8623243-09:00",
  "llm_latency_seconds": 4.2137557,
  "total_pipeline_seconds": 4.2137557
}