{
  "timestamp": "2025-11-17T15:50:21.1366206-09:00",
  "llm_latency_seconds": 3.872285,
  "total_pipeline_seconds": 3.872285
}