{
  "timestamp": "2025-11-17T15:52:06.8131368-09:00",
  "llm_latency_seconds": 3.5035917,
  "total_pipeline_seconds": 3.5035917
}