{
  "timestamp": "2025-11-17T15:48:35.5110042-09:00",
  "llm_latency_seconds": 3.4101817,
  "total_pipeline_seconds": 3.4101817
}