{
  "timestamp": "2025-11-17T15:51:34.0473203-09:00",
  "llm_latency_seconds": 2.7375187,
  "total_pipeline_seconds": 2.7375187
}