{
  "timestamp": "2025-11-17T15:47:24.2065818-09:00",
  "llm_latency_seconds": 3.2301212,
  "total_pipeline_seconds": 3.2301212
}