{
  "timestamp": "2025-11-17T15:52:20.708676-09:00",
  "llm_latency_seconds": 3.3981949,
  "total_pipeline_seconds": 3.3981949
}