{
  "timestamp": "2025-11-17T15:50:11.4954242-09:00",
  "llm_latency_seconds": 4.2452085,
  "total_pipeline_seconds": 4.2452085
}