{
  "timestamp": "2025-11-17T15:49:23.8347342-09:00",
  "llm_latency_seconds": 3.6522493,
  "total_pipeline_seconds": 3.6522493
}