{
  "timestamp": "2025-11-17T15:46:56.05361-09:00",
  "llm_latency_seconds": 4.0712408,
  "total_pipeline_seconds": 4.0712408
}