{
  "timestamp": "2025-11-17T15:50:43.1989666-09:00",
  "llm_latency_seconds": 2.9393206,
  "total_pipeline_seconds": 2.9393206
}