{
  "timestamp": "2025-11-17T15:50:38.7201415-09:00",
  "llm_latency_seconds": 3.4505176,
  "total_pipeline_seconds": 3.4505176
}