{
  "timestamp": "2025-11-17T15:47:19.441026-09:00",
  "llm_latency_seconds": 3.4698309,
  "total_pipeline_seconds": 3.4698309
}