{
  "timestamp": "2025-11-17T15:53:09.0065792-09:00",
  "llm_latency_seconds": 3.3865705,
  "total_pipeline_seconds": 3.3865705
}