{
  "timestamp": "2025-11-17T15:47:52.8659543-09:00",
  "llm_latency_seconds": 3.8535468,
  "total_pipeline_seconds": 3.8535468
}