{
  "timestamp": "2025-11-17T15:50:02.1153848-09:00",
  "llm_latency_seconds": 3.8430075,
  "total_pipeline_seconds": 3.8430075
}