{
  "timestamp": "2025-11-17T16:00:24.7596307-09:00",
  "llm_latency_seconds": 6.0952938,
  "total_pipeline_seconds": 6.0952938
}