{
  "timestamp": "2025-11-17T16:02:58.5609145-09:00",
  "llm_latency_seconds": 3.96458,
  "total_pipeline_seconds": 3.96458
}