{
  "timestamp": "2025-11-17T15:58:30.128305-09:00",
  "llm_latency_seconds": 3.9390699,
  "total_pipeline_seconds": 3.9390699
}