{
  "timestamp": "2025-11-17T15:55:49.5607287-09:00",
  "llm_latency_seconds": 3.4068632,
  "total_pipeline_seconds": 3.4068632
}