{
  "timestamp": "2025-11-17T15:56:39.8535656-09:00",
  "llm_latency_seconds": 3.6985711,
  "total_pipeline_seconds": 3.6985711
}