{
  "timestamp": "2025-11-17T15:57:20.4542166-09:00",
  "llm_latency_seconds": 3.2871211,
  "total_pipeline_seconds": 3.2871211
}