{
  "timestamp": "2025-11-17T15:57:43.4649504-09:00",
  "llm_latency_seconds": 3.3223103,
  "total_pipeline_seconds": 3.3223103
}