{
  "timestamp": "2025-11-17T16:01:02.6983787-09:00",
  "llm_latency_seconds": 4.0792677,
  "total_pipeline_seconds": 4.0792677
}