{
  "timestamp": "2025-11-17T15:59:28.4132155-09:00",
  "llm_latency_seconds": 3.2165214,
  "total_pipeline_seconds": 3.2165214
}