{
  "timestamp": "2025-11-17T15:56:14.2031485-09:00",
  "llm_latency_seconds": 3.0514319,
  "total_pipeline_seconds": 3.0514319
}