{
  "timestamp": "2025-11-17T15:57:25.3277092-09:00",
  "llm_latency_seconds": 3.1791279,
  "total_pipeline_seconds": 3.1791279
}