{
  "timestamp": "2025-11-17T15:56:09.8333364-09:00",
  "llm_latency_seconds": 3.6718124,
  "total_pipeline_seconds": 3.6718124
}