{
  "timestamp": "2025-11-17T15:58:20.1950947-09:00",
  "llm_latency_seconds": 3.0044513,
  "total_pipeline_seconds": 3.0044513
}