{
  "timestamp": "2025-11-17T15:57:56.7455491-09:00",
  "llm_latency_seconds": 3.547703,
  "total_pipeline_seconds": 3.547703
}