{
  "timestamp": "2025-11-17T16:00:57.5646765-09:00",
  "llm_latency_seconds": 3.9456825,
  "total_pipeline_seconds": 3.9456825
}