{
  "timestamp": "2025-11-17T15:57:10.8992771-09:00",
  "llm_latency_seconds": 3.7442826,
  "total_pipeline_seconds": 3.7442826
}