{
  "timestamp": "2025-11-17T16:02:26.1668367-09:00",
  "llm_latency_seconds": 4.5541134,
  "total_pipeline_seconds": 4.5541134
}