{
  "timestamp": "2025-11-17T15:57:06.0556455-09:00",
  "llm_latency_seconds": 2.8999994,
  "total_pipeline_seconds": 2.8999994
}