{
  "timestamp": "2025-11-17T15:58:24.7519185-09:00",
  "llm_latency_seconds": 3.5583166,
  "total_pipeline_seconds": 3.5583166
}