{
  "timestamp": "2025-11-17T15:56:43.575191-09:00",
  "llm_latency_seconds": 2.4198614,
  "total_pipeline_seconds": 2.4198614
}