{
  "timestamp": "2025-11-17T16:00:46.6992191-09:00",
  "llm_latency_seconds": 4.1287329,
  "total_pipeline_seconds": 4.1287329
}