{
  "timestamp": "2025-11-17T16:02:31.7577012-09:00",
  "llm_latency_seconds": 4.1504476,
  "total_pipeline_seconds": 4.1504476
}