{
  "timestamp": "2025-11-17T15:59:09.0390746-09:00",
  "llm_latency_seconds": 3.8510975,
  "total_pipeline_seconds": 3.8510975
}