{
  "timestamp": "2025-11-17T16:00:09.813009-09:00",
  "llm_latency_seconds": 6.5049813,
  "total_pipeline_seconds": 6.5049813
}