{
  "timestamp": "2025-11-17T16:00:01.5685047-09:00",
  "llm_latency_seconds": 4.2779934,
  "total_pipeline_seconds": 4.2779934
}