{
  "timestamp": "2025-11-17T16:00:30.2909541-09:00",
  "llm_latency_seconds": 4.7179257,
  "total_pipeline_seconds": 4.7179257
}