{
  "timestamp": "2025-11-17T16:00:41.0275429-09:00",
  "llm_latency_seconds": 4.4498654,
  "total_pipeline_seconds": 4.4498654
}