{
  "timestamp": "2025-11-17T15:58:45.4883026-09:00",
  "llm_latency_seconds": 4.2964426,
  "total_pipeline_seconds": 4.2964426
}