{
  "timestamp": "2025-11-17T16:02:07.8900821-09:00",
  "llm_latency_seconds": 4.272532,
  "total_pipeline_seconds": 4.272532
}