{
  "timestamp": "2025-11-17T15:59:50.4713255-09:00",
  "llm_latency_seconds": 4.1916726,
  "total_pipeline_seconds": 4.1916726
}