{
  "timestamp": "2025-11-17T16:02:19.9412023-09:00",
  "llm_latency_seconds": 4.3535908,
  "total_pipeline_seconds": 4.3535908
}