{
  "timestamp": "2025-11-17T15:55:30.6739184-09:00",
  "llm_latency_seconds": 3.5027882,
  "total_pipeline_seconds": 3.5027882
}