{
  "timestamp": "2025-11-17T15:56:29.4386519-09:00",
  "llm_latency_seconds": 3.2747207,
  "total_pipeline_seconds": 3.2747207
}