{
  "timestamp": "2025-11-17T16:01:46.9565736-09:00",
  "llm_latency_seconds": 5.3395826,
  "total_pipeline_seconds": 5.3395826
}