{
  "timestamp": "2025-11-17T15:56:48.8012755-09:00",
  "llm_latency_seconds": 3.6480203,
  "total_pipeline_seconds": 3.6480203
}