{
  "timestamp": "2025-11-17T15:59:39.2783473-09:00",
  "llm_latency_seconds": 4.0257613,
  "total_pipeline_seconds": 4.0257613
}