{
  "timestamp": "2025-11-17T16:01:30.5635072-09:00",
  "llm_latency_seconds": 3.9581921,
  "total_pipeline_seconds": 3.9581921
}