{
  "timestamp": "2025-11-17T16:01:40.5533472-09:00",
  "llm_latency_seconds": 3.9558864,
  "total_pipeline_seconds": 3.9558864
}