{
  "timestamp": "2025-11-17T15:56:52.7342374-09:00",
  "llm_latency_seconds": 2.5754148,
  "total_pipeline_seconds": 2.5754148
}