{
  "timestamp": "2025-11-17T15:57:34.2655676-09:00",
  "llm_latency_seconds": 3.1052065,
  "total_pipeline_seconds": 3.1052065
}