{
  "timestamp": "2025-11-17T16:01:57.5571014-09:00",
  "llm_latency_seconds": 3.9393313,
  "total_pipeline_seconds": 3.9393313
}