{
  "timestamp": "2025-11-17T15:56:34.3904454-09:00",
  "llm_latency_seconds": 3.2363316,
  "total_pipeline_seconds": 3.2363316
}