{
  "timestamp": "2025-11-17T15:59:45.3472077-09:00",
  "llm_latency_seconds": 5.0953803,
  "total_pipeline_seconds": 5.0953803
}