{
  "timestamp": "2025-11-17T15:57:51.9226233-09:00",
  "llm_latency_seconds": 2.7654941,
  "total_pipeline_seconds": 2.7654941
}