{
  "timestamp": "2025-11-17T16:01:08.0166999-09:00",
  "llm_latency_seconds": 4.4091183,
  "total_pipeline_seconds": 4.4091183
}