{
  "timestamp": "2025-11-17T15:58:05.9103148-09:00",
  "llm_latency_seconds": 3.7280533,
  "total_pipeline_seconds": 3.7280533
}