{
  "timestamp": "2025-11-17T15:55:01.8333861-09:00",
  "llm_latency_seconds": 3.8146379,
  "total_pipeline_seconds": 3.8146379
}