{
  "timestamp": "2025-11-17T16:01:52.4471375-09:00",
  "llm_latency_seconds": 3.8164052,
  "total_pipeline_seconds": 3.8164052
}