{
  "timestamp": "2025-11-17T15:59:04.241021-09:00",
  "llm_latency_seconds": 3.0295743,
  "total_pipeline_seconds": 3.0295743
}