{
  "timestamp": "2025-11-17T15:55:54.8851412-09:00",
  "llm_latency_seconds": 3.7403971,
  "total_pipeline_seconds": 3.7403971
}