{
  "timestamp": "2025-11-17T15:57:15.3859146-09:00",
  "llm_latency_seconds": 3.2245232,
  "total_pipeline_seconds": 3.2245232
}