{
  "timestamp": "2025-11-17T16:01:25.3522782-09:00",
  "llm_latency_seconds": 3.7357339,
  "total_pipeline_seconds": 3.7357339
}