{
  "timestamp": "2025-11-17T15:57:47.8076232-09:00",
  "llm_latency_seconds": 2.6478723,
  "total_pipeline_seconds": 2.6478723
}