{
  "timestamp": "2025-11-17T15:58:01.1086175-09:00",
  "llm_latency_seconds": 2.9209791,
  "total_pipeline_seconds": 2.9209791
}