{
  "timestamp": "2025-11-17T15:58:39.4981517-09:00",
  "llm_latency_seconds": 3.2939043,
  "total_pipeline_seconds": 3.2939043
}