{
  "timestamp": "2025-11-17T15:56:56.8191067-09:00",
  "llm_latency_seconds": 2.6567061,
  "total_pipeline_seconds": 2.6567061
}