{
  "timestamp": "2025-11-17T15:59:24.4101715-09:00",
  "llm_latency_seconds": 4.2015076,
  "total_pipeline_seconds": 4.2015076
}