{
  "timestamp": "2025-11-17T15:56:19.8557669-09:00",
  "llm_latency_seconds": 4.7031899,
  "total_pipeline_seconds": 4.7031899
}