{
  "timestamp": "2025-11-17T15:55:19.6897471-09:00",
  "llm_latency_seconds": 2.5321643,
  "total_pipeline_seconds": 2.5321643
}