{
  "timestamp": "2025-11-17T16:02:48.1825195-09:00",
  "llm_latency_seconds": 3.5563288,
  "total_pipeline_seconds": 3.5563288
}