{
  "timestamp": "2025-11-17T15:59:18.7378547-09:00",
  "llm_latency_seconds": 3.5505707,
  "total_pipeline_seconds": 3.5505707
}