{
  "timestamp": "2025-11-17T15:58:16.3638171-09:00",
  "llm_latency_seconds": 3.1921781,
  "total_pipeline_seconds": 3.1921781
}