{
  "timestamp": "2025-11-17T15:55:35.4427052-09:00",
  "llm_latency_seconds": 3.2926131,
  "total_pipeline_seconds": 3.2926131
}