{
  "timestamp": "2025-11-17T15:59:00.3511821-09:00",
  "llm_latency_seconds": 4.157147,
  "total_pipeline_seconds": 4.157147
}