{
  "timestamp": "2025-11-17T15:57:38.7044363-09:00",
  "llm_latency_seconds": 3.5380806,
  "total_pipeline_seconds": 3.5380806
}