{
  "timestamp": "2025-11-17T16:00:35.5724119-09:00",
  "llm_latency_seconds": 3.9821282,
  "total_pipeline_seconds": 3.9821282
}