{
  "timestamp": "2025-11-17T16:00:17.6678227-09:00",
  "llm_latency_seconds": 6.1522001,
  "total_pipeline_seconds": 6.1522001
}