{
  "timestamp": "2025-11-17T16:02:37.4717043-09:00",
  "llm_latency_seconds": 4.8571707,
  "total_pipeline_seconds": 4.8571707
}