{
  "timestamp": "2025-11-17T15:57:01.7287437-09:00",
  "llm_latency_seconds": 3.5611279,
  "total_pipeline_seconds": 3.5611279
}