{
  "timestamp": "2025-11-17T15:59:33.6042606-09:00",
  "llm_latency_seconds": 4.3684352,
  "total_pipeline_seconds": 4.3684352
}