{
  "timestamp": "2025-11-17T16:01:20.0699187-09:00",
  "llm_latency_seconds": 4.4579906,
  "total_pipeline_seconds": 4.4579906
}