{
  "timestamp": "2025-11-17T15:57:30.2734422-09:00",
  "llm_latency_seconds": 4.1178954,
  "total_pipeline_seconds": 4.1178954
}