{
  "timestamp": "2025-11-17T16:01:14.0398842-09:00",
  "llm_latency_seconds": 4.3950722,
  "total_pipeline_seconds": 4.3950722
}