{
  "timestamp": "2025-11-17T15:56:24.9044026-09:00",
  "llm_latency_seconds": 3.7601433,
  "total_pipeline_seconds": 3.7601433
}