{
  "timestamp": "2025-11-17T16:02:53.3035488-09:00",
  "llm_latency_seconds": 3.6951308,
  "total_pipeline_seconds": 3.6951308
}