{
  "timestamp": "2025-11-17T16:02:14.2078366-09:00",
  "llm_latency_seconds": 4.6036776,
  "total_pipeline_seconds": 4.6036776
}