{
  "timestamp": "2025-11-17T16:01:34.8801065-09:00",
  "llm_latency_seconds": 3.2663684,
  "total_pipeline_seconds": 3.2663684
}