{
  "timestamp": "2025-11-17T16:02:02.8142242-09:00",
  "llm_latency_seconds": 4.2233602,
  "total_pipeline_seconds": 4.2233602
}