{
  "timestamp": "2025-11-17T15:56:00.0092596-09:00",
  "llm_latency_seconds": 3.7604467,
  "total_pipeline_seconds": 3.7604467
}