{
  "timestamp": "2025-11-17T15:58:50.2694734-09:00",
  "llm_latency_seconds": 3.069575,
  "total_pipeline_seconds": 3.069575
}