{
  "timestamp": "2025-11-17T15:59:14.2560587-09:00",
  "llm_latency_seconds": 4.0538862,
  "total_pipeline_seconds": 4.0538862
}