{
  "timestamp": "2025-11-17T15:56:04.5783387-09:00",
  "llm_latency_seconds": 3.4361709,
  "total_pipeline_seconds": 3.4361709
}