{
  "timestamp": "2025-11-17T15:55:05.9823338-09:00",
  "llm_latency_seconds": 2.8336161,
  "total_pipeline_seconds": 2.8336161
}