{
  "timestamp": "2025-11-17T15:58:35.1612479-09:00",
  "llm_latency_seconds": 3.9653083,
  "total_pipeline_seconds": 3.9653083
}