{
  "timestamp": "2025-11-17T15:55:15.4593725-09:00",
  "llm_latency_seconds": 3.3026356,
  "total_pipeline_seconds": 3.3026356
}