{
  "timestamp": "2025-11-17T15:55:10.5436621-09:00",
  "llm_latency_seconds": 3.3829961,
  "total_pipeline_seconds": 3.3829961
}