{
  "timestamp": "2025-11-17T15:58:54.5189317-09:00",
  "llm_latency_seconds": 3.3202955,
  "total_pipeline_seconds": 3.3202955
}