{
  "timestamp": "2025-11-17T15:59:55.8241175-09:00",
  "llm_latency_seconds": 4.5278379,
  "total_pipeline_seconds": 4.5278379
}