{
  "timestamp": "2025-11-17T16:02:43.3258835-09:00",
  "llm_latency_seconds": 4.7277612,
  "total_pipeline_seconds": 4.7277612
}