{
  "timestamp": "2025-11-17T15:58:11.6656107-09:00",
  "llm_latency_seconds": 4.4580957,
  "total_pipeline_seconds": 4.4580957
}