{
  "timestamp": "2025-11-17T15:55:25.4385755-09:00",
  "llm_latency_seconds": 4.2911244,
  "total_pipeline_seconds": 4.2911244
}