{
  "timestamp": "2025-11-17T16:00:52.0401649-09:00",
  "llm_latency_seconds": 4.4685978,
  "total_pipeline_seconds": 4.4685978
}