{
  "timestamp": "2025-11-17T16:14:41.5163305-09:00",
  "llm_latency_seconds": 3.227556,
  "total_pipeline_seconds": 3.227556
}