{
  "timestamp": "2025-11-17T16:15:18.4812836-09:00",
  "llm_latency_seconds": 4.1393166,
  "total_pipeline_seconds": 4.1393166
}