{
  "timestamp": "2025-11-17T16:13:08.5383943-09:00",
  "llm_latency_seconds": 4.3787783,
  "total_pipeline_seconds": 4.3787783
}