{
  "timestamp": "2025-11-17T16:14:20.2262913-09:00",
  "llm_latency_seconds": 3.9967437,
  "total_pipeline_seconds": 3.9967437
}