{
  "timestamp": "2025-11-17T16:12:12.6831954-09:00",
  "llm_latency_seconds": 3.5555025,
  "total_pipeline_seconds": 3.5555025
}