{
  "timestamp": "2025-11-17T16:13:03.015375-09:00",
  "llm_latency_seconds": 3.8661935,
  "total_pipeline_seconds": 3.8661935
}