{
  "timestamp": "2025-11-17T16:14:58.3289748-09:00",
  "llm_latency_seconds": 4.0490201,
  "total_pipeline_seconds": 4.0490201
}