{
  "timestamp": "2025-11-17T16:13:50.1503578-09:00",
  "llm_latency_seconds": 3.9457699,
  "total_pipeline_seconds": 3.9457699
}