{
  "timestamp": "2025-11-17T16:13:29.3375936-09:00",
  "llm_latency_seconds": 4.1426838,
  "total_pipeline_seconds": 4.1426838
}