{
  "timestamp": "2025-11-17T16:12:42.4253492-09:00",
  "llm_latency_seconds": 4.3163657,
  "total_pipeline_seconds": 4.3163657
}