{
  "timestamp": "2025-11-17T16:12:47.936899-09:00",
  "llm_latency_seconds": 3.7866516,
  "total_pipeline_seconds": 3.7866516
}