{
  "timestamp": "2025-11-17T16:14:36.5619744-09:00",
  "llm_latency_seconds": 4.2757954,
  "total_pipeline_seconds": 4.2757954
}