{
  "timestamp": "2025-11-17T16:14:09.8000971-09:00",
  "llm_latency_seconds": 3.5656294,
  "total_pipeline_seconds": 3.5656294
}