{
  "timestamp": "2025-11-17T16:12:28.1404623-09:00",
  "llm_latency_seconds": 4.0274692,
  "total_pipeline_seconds": 4.0274692
}