{
  "timestamp": "2025-11-17T16:14:25.4740569-09:00",
  "llm_latency_seconds": 4.2295819,
  "total_pipeline_seconds": 4.2295819
}