{
  "timestamp": "2025-11-17T16:11:18.3146773-09:00",
  "llm_latency_seconds": 3.2798859,
  "total_pipeline_seconds": 3.2798859
}