{
  "timestamp": "2025-11-17T16:15:44.7984368-09:00",
  "llm_latency_seconds": 4.4424877,
  "total_pipeline_seconds": 4.4424877
}