{
  "timestamp": "2025-11-17T16:11:57.9559366-09:00",
  "llm_latency_seconds": 2.890146,
  "total_pipeline_seconds": 2.890146
}