{
  "timestamp": "2025-11-17T16:11:39.3842246-09:00",
  "llm_latency_seconds": 3.3157921,
  "total_pipeline_seconds": 3.3157921
}