{
  "timestamp": "2025-11-17T16:14:04.6570251-09:00",
  "llm_latency_seconds": 3.4596332,
  "total_pipeline_seconds": 3.4596332
}