{
  "timestamp": "2025-11-17T16:11:34.4908237-09:00",
  "llm_latency_seconds": 2.4333551,
  "total_pipeline_seconds": 2.4333551
}