{
  "timestamp": "2025-11-17T16:11:22.6192838-09:00",
  "llm_latency_seconds": 2.5888491,
  "total_pipeline_seconds": 2.5888491
}