{
  "timestamp": "2025-11-17T16:11:09.7164528-09:00",
  "llm_latency_seconds": 4.5802774,
  "total_pipeline_seconds": 4.5802774
}