{
  "timestamp": "2025-11-17T16:12:53.1528545-09:00",
  "llm_latency_seconds": 4.0094397,
  "total_pipeline_seconds": 4.0094397
}