{
  "timestamp": "2025-11-17T16:14:31.1413464-09:00",
  "llm_latency_seconds": 3.8895589,
  "total_pipeline_seconds": 3.8895589
}