{
  "timestamp": "2025-11-17T16:11:43.7113115-09:00",
  "llm_latency_seconds": 2.6436893,
  "total_pipeline_seconds": 2.6436893
}