{
  "timestamp": "2025-11-17T16:15:02.9375953-09:00",
  "llm_latency_seconds": 3.6372706,
  "total_pipeline_seconds": 3.6372706
}