{
  "timestamp": "2025-11-17T16:13:59.5409076-09:00",
  "llm_latency_seconds": 3.3453751,
  "total_pipeline_seconds": 3.3453751
}