{
  "timestamp": "2025-11-17T16:12:07.9119579-09:00",
  "llm_latency_seconds": 3.7977021,
  "total_pipeline_seconds": 3.7977021
}