{
  "timestamp": "2025-11-17T16:11:14.1351634-09:00",
  "llm_latency_seconds": 3.1059882,
  "total_pipeline_seconds": 3.1059882
}