{
  "timestamp": "2025-11-17T16:12:36.9939128-09:00",
  "llm_latency_seconds": 3.8861195,
  "total_pipeline_seconds": 3.8861195
}