{
  "timestamp": "2025-11-17T16:13:34.5117972-09:00",
  "llm_latency_seconds": 4.3004072,
  "total_pipeline_seconds": 4.3004072
}