{
  "timestamp": "2025-11-17T16:15:08.4958817-09:00",
  "llm_latency_seconds": 4.2048402,
  "total_pipeline_seconds": 4.2048402
}