{
  "timestamp": "2025-11-17T16:13:54.7705654-09:00",
  "llm_latency_seconds": 3.5681882,
  "total_pipeline_seconds": 3.5681882
}