{
  "timestamp": "2025-11-17T16:13:13.7234859-09:00",
  "llm_latency_seconds": 3.5965262,
  "total_pipeline_seconds": 3.5965262
}