{
  "timestamp": "2025-11-17T16:12:17.5356095-09:00",
  "llm_latency_seconds": 3.4335236,
  "total_pipeline_seconds": 3.4335236
}