{
  "timestamp": "2025-11-17T16:11:27.0453923-09:00",
  "llm_latency_seconds": 3.0253341,
  "total_pipeline_seconds": 3.0253341
}