{
  "timestamp": "2025-11-17T16:11:49.2213863-09:00",
  "llm_latency_seconds": 4.1420479,
  "total_pipeline_seconds": 4.1420479
}