{
  "timestamp": "2025-11-17T16:15:33.6475086-09:00",
  "llm_latency_seconds": 3.2860845,
  "total_pipeline_seconds": 3.2860845
}