{
  "timestamp": "2025-11-17T16:11:53.8517267-09:00",
  "llm_latency_seconds": 3.7868531,
  "total_pipeline_seconds": 3.7868531
}