{
  "timestamp": "2025-11-17T16:14:46.8803241-09:00",
  "llm_latency_seconds": 3.6038596,
  "total_pipeline_seconds": 3.6038596
}