{
  "timestamp": "2025-11-17T16:13:44.5175853-09:00",
  "llm_latency_seconds": 3.3107236,
  "total_pipeline_seconds": 3.3107236
}