{
  "timestamp": "2025-11-17T16:15:29.5486778-09:00",
  "llm_latency_seconds": 4.1802971,
  "total_pipeline_seconds": 4.1802971
}