{
  "timestamp": "2025-11-17T16:11:04.2792434-09:00",
  "llm_latency_seconds": 4.1717106,
  "total_pipeline_seconds": 4.1717106
}