{
  "timestamp": "2025-11-17T16:12:03.0109188-09:00",
  "llm_latency_seconds": 3.9263959,
  "total_pipeline_seconds": 3.9263959
}