{
  "timestamp": "2025-11-17T16:12:58.2246939-09:00",
  "llm_latency_seconds": 4.0684623,
  "total_pipeline_seconds": 4.0684623
}