{
  "timestamp": "2025-11-17T16:13:40.0237479-09:00",
  "llm_latency_seconds": 3.8228796,
  "total_pipeline_seconds": 3.8228796
}