{
  "timestamp": "2025-11-17T16:12:22.7294468-09:00",
  "llm_latency_seconds": 3.6133966,
  "total_pipeline_seconds": 3.6133966
}