{
  "timestamp": "2025-11-17T16:15:24.0059855-09:00",
  "llm_latency_seconds": 4.6735514,
  "total_pipeline_seconds": 4.6735514
}