{
  "timestamp": "2025-11-17T16:15:12.8656001-09:00",
  "llm_latency_seconds": 3.582956,
  "total_pipeline_seconds": 3.582956
}