{
  "timestamp": "2025-11-17T16:14:52.9379865-09:00",
  "llm_latency_seconds": 4.6455631,
  "total_pipeline_seconds": 4.6455631
}