{
  "timestamp": "2025-11-17T16:11:31.2269572-09:00",
  "llm_latency_seconds": 3.2107786,
  "total_pipeline_seconds": 3.2107786
}