{
  "timestamp": "2025-11-17T16:12:32.0442469-09:00",
  "llm_latency_seconds": 2.93668,
  "total_pipeline_seconds": 2.93668
}