{
  "timestamp": "2025-11-17T16:15:38.9421958-09:00",
  "llm_latency_seconds": 3.5722581,
  "total_pipeline_seconds": 3.5722581
}