{
  "timestamp": "2025-11-17T16:14:14.6088154-09:00",
  "llm_latency_seconds": 3.373866,
  "total_pipeline_seconds": 3.373866
}