{
  "timestamp": "2025-11-17T16:13:18.4936096-09:00",
  "llm_latency_seconds": 3.3218991,
  "total_pipeline_seconds": 3.3218991
}