{
  "timestamp": "2025-11-17T16:13:24.1703615-09:00",
  "llm_latency_seconds": 3.985197,
  "total_pipeline_seconds": 3.985197
}