{
  "timestamp": "2025-11-17T16:09:50.8698462-09:00",
  "llm_latency_seconds": 3.1429147,
  "total_pipeline_seconds": 3.1429147
}