{
  "timestamp": "2025-11-17T16:07:23.5753934-09:00",
  "llm_latency_seconds": 3.1887665,
  "total_pipeline_seconds": 3.1887665
}