{
  "timestamp": "2025-11-17T16:07:32.0008461-09:00",
  "llm_latency_seconds": 2.6273429,
  "total_pipeline_seconds": 2.6273429
}