{
  "timestamp": "2025-11-17T16:09:10.6757756-09:00",
  "llm_latency_seconds": 4.0332686,
  "total_pipeline_seconds": 4.0332686
}