{
  "timestamp": "2025-11-17T16:07:53.5896328-09:00",
  "llm_latency_seconds": 4.2059393,
  "total_pipeline_seconds": 4.2059393
}