{
  "timestamp": "2025-11-17T16:09:41.7718572-09:00",
  "llm_latency_seconds": 4.0886091,
  "total_pipeline_seconds": 4.0886091
}