{
  "timestamp": "2025-11-17T16:09:31.237708-09:00",
  "llm_latency_seconds": 3.5652752,
  "total_pipeline_seconds": 3.5652752
}