{
  "timestamp": "2025-11-17T16:08:07.9135163-09:00",
  "llm_latency_seconds": 3.292463,
  "total_pipeline_seconds": 3.292463
}