{
  "timestamp": "2025-11-17T16:07:36.6161388-09:00",
  "llm_latency_seconds": 3.220709,
  "total_pipeline_seconds": 3.220709
}