{
  "timestamp": "2025-11-17T16:09:26.698672-09:00",
  "llm_latency_seconds": 4.0232898,
  "total_pipeline_seconds": 4.0232898
}