{
  "timestamp": "2025-11-17T16:08:17.9059968-09:00",
  "llm_latency_seconds": 3.3204043,
  "total_pipeline_seconds": 3.3204043
}