{
  "timestamp": "2025-11-17T16:07:18.7281524-09:00",
  "llm_latency_seconds": 3.3213644,
  "total_pipeline_seconds": 3.3213644
}