{
  "timestamp": "2025-11-17T16:07:47.893519-09:00",
  "llm_latency_seconds": 2.500437,
  "total_pipeline_seconds": 2.500437
}