{
  "timestamp": "2025-11-17T16:08:13.1239352-09:00",
  "llm_latency_seconds": 3.4964131,
  "total_pipeline_seconds": 3.4964131
}