{
  "timestamp": "2025-11-17T16:09:15.2217829-09:00",
  "llm_latency_seconds": 3.5588252,
  "total_pipeline_seconds": 3.5588252
}