{
  "timestamp": "2025-11-17T16:10:15.2076123-09:00",
  "llm_latency_seconds": 3.4476798,
  "total_pipeline_seconds": 3.4476798
}