{
  "timestamp": "2025-11-17T16:07:44.1057217-09:00",
  "llm_latency_seconds": 2.7240484,
  "total_pipeline_seconds": 2.7240484
}