{
  "timestamp": "2025-11-17T16:07:27.7980167-09:00",
  "llm_latency_seconds": 3.4084164,
  "total_pipeline_seconds": 3.4084164
}