{
  "timestamp": "2025-11-17T16:08:37.1988198-09:00",
  "llm_latency_seconds": 3.596803,
  "total_pipeline_seconds": 3.596803
}