{
  "timestamp": "2025-11-17T16:09:01.2894568-09:00",
  "llm_latency_seconds": 3.645762,
  "total_pipeline_seconds": 3.645762
}