{
  "timestamp": "2025-11-17T16:08:32.4144285-09:00",
  "llm_latency_seconds": 2.8332794,
  "total_pipeline_seconds": 2.8332794
}