{
  "timestamp": "2025-11-17T16:09:55.0176599-09:00",
  "llm_latency_seconds": 3.3096563,
  "total_pipeline_seconds": 3.3096563
}