{
  "timestamp": "2025-11-17T16:09:20.923452-09:00",
  "llm_latency_seconds": 4.2524546,
  "total_pipeline_seconds": 4.2524546
}