{
  "timestamp": "2025-11-17T16:08:23.6164256-09:00",
  "llm_latency_seconds": 4.0255129,
  "total_pipeline_seconds": 4.0255129
}