{
  "timestamp": "2025-11-17T16:08:28.2362359-09:00",
  "llm_latency_seconds": 3.6452496,
  "total_pipeline_seconds": 3.6452496
}