{
  "timestamp": "2025-11-17T16:07:14.6025995-09:00",
  "llm_latency_seconds": 4.2509174,
  "total_pipeline_seconds": 4.2509174
}