{
  "timestamp": "2025-11-17T16:08:52.4726983-09:00",
  "llm_latency_seconds": 3.8759782,
  "total_pipeline_seconds": 3.8759782
}