{
  "timestamp": "2025-11-17T16:07:40.2822953-09:00",
  "llm_latency_seconds": 2.8867057,
  "total_pipeline_seconds": 2.8867057
}