{
  "timestamp": "2025-11-17T16:08:03.3754624-09:00",
  "llm_latency_seconds": 3.9102137,
  "total_pipeline_seconds": 3.9102137
}