{
  "timestamp": "2025-11-17T16:09:05.533936-09:00",
  "llm_latency_seconds": 2.8918818,
  "total_pipeline_seconds": 2.8918818
}