{
  "timestamp": "2025-11-17T16:08:56.5900053-09:00",
  "llm_latency_seconds": 3.0011522,
  "total_pipeline_seconds": 3.0011522
}