{
  "timestamp": "2025-11-17T16:10:00.7358204-09:00",
  "llm_latency_seconds": 3.9962992,
  "total_pipeline_seconds": 3.9962992
}