{
  "timestamp": "2025-11-17T16:10:10.9411932-09:00",
  "llm_latency_seconds": 4.1927941,
  "total_pipeline_seconds": 4.1927941
}