{
  "timestamp": "2025-11-17T16:08:47.4574911-09:00",
  "llm_latency_seconds": 3.8740274,
  "total_pipeline_seconds": 3.8740274
}