{
  "timestamp": "2025-11-17T16:10:19.9384004-09:00",
  "llm_latency_seconds": 3.1896391,
  "total_pipeline_seconds": 3.1896391
}