{
  "timestamp": "2025-11-17T16:09:46.207265-09:00",
  "llm_latency_seconds": 3.5262564,
  "total_pipeline_seconds": 3.5262564
}