{
  "timestamp": "2025-11-17T16:09:35.9922999-09:00",
  "llm_latency_seconds": 3.3048789,
  "total_pipeline_seconds": 3.3048789
}