{
  "timestamp": "2025-11-17T16:08:41.9918123-09:00",
  "llm_latency_seconds": 3.4052942,
  "total_pipeline_seconds": 3.4052942
}