{
  "timestamp": "2025-11-17T16:10:05.3795198-09:00",
  "llm_latency_seconds": 3.647982,
  "total_pipeline_seconds": 3.647982
}