{
  "timestamp": "2025-11-17T16:07:58.1352143-09:00",
  "llm_latency_seconds": 3.7270893,
  "total_pipeline_seconds": 3.7270893
}