{
  "timestamp": "2025-11-24T19:39:43.349515-09:00",
  "llm_latency_seconds": 3.4094393,
  "total_pipeline_seconds": 3.4094393
}