{
  "timestamp": "2025-11-24T19:39:33.8175035-09:00",
  "llm_latency_seconds": 3.8831115,
  "total_pipeline_seconds": 3.8831115
}