{
  "timestamp": "2025-11-24T19:37:02.153386-09:00",
  "llm_latency_seconds": 2.2480009,
  "total_pipeline_seconds": 2.2480009
}