{
  "timestamp": "2025-11-24T19:37:51.8689655-09:00",
  "llm_latency_seconds": 2.9767504,
  "total_pipeline_seconds": 2.9767504
}