{
  "timestamp": "2025-11-24T19:37:55.3638636-09:00",
  "llm_latency_seconds": 2.4557642,
  "total_pipeline_seconds": 2.4557642
}