{
  "timestamp": "2025-11-24T19:40:03.547539-09:00",
  "llm_latency_seconds": 3.6048383,
  "total_pipeline_seconds": 3.6048383
}