{
  "timestamp": "2025-11-24T19:38:00.3946778-09:00",
  "llm_latency_seconds": 3.5013606,
  "total_pipeline_seconds": 3.5013606
}