{
  "timestamp": "2025-11-24T19:38:04.8521823-09:00",
  "llm_latency_seconds": 2.9548274,
  "total_pipeline_seconds": 2.9548274
}