{
  "timestamp": "2025-11-24T19:38:21.0331265-09:00",
  "llm_latency_seconds": 3.1316832,
  "total_pipeline_seconds": 3.1316832
}