{
  "timestamp": "2025-11-24T19:38:08.7969303-09:00",
  "llm_latency_seconds": 2.8889035,
  "total_pipeline_seconds": 2.8889035
}