{
  "timestamp": "2025-11-24T19:39:47.9917581-09:00",
  "llm_latency_seconds": 3.0524874,
  "total_pipeline_seconds": 3.0524874
}