{
  "timestamp": "2025-11-24T19:37:43.8238254-09:00",
  "llm_latency_seconds": 2.9238211,
  "total_pipeline_seconds": 2.9238211
}