{
  "timestamp": "2025-11-24T19:39:38.4800056-09:00",
  "llm_latency_seconds": 3.5417155,
  "total_pipeline_seconds": 3.5417155
}