{
  "timestamp": "2025-11-24T19:38:29.235587-09:00",
  "llm_latency_seconds": 3.325527,
  "total_pipeline_seconds": 3.325527
}