{
  "timestamp": "2025-11-24T19:36:58.9300704-09:00",
  "llm_latency_seconds": 3.0195603,
  "total_pipeline_seconds": 3.0195603
}