{
  "timestamp": "2025-11-24T19:38:33.9082907-09:00",
  "llm_latency_seconds": 3.0111435,
  "total_pipeline_seconds": 3.0111435
}