{
  "timestamp": "2025-11-24T19:39:28.214513-09:00",
  "llm_latency_seconds": 3.2827464,
  "total_pipeline_seconds": 3.2827464
}