{
  "timestamp": "2025-11-24T19:36:50.9337298-09:00",
  "llm_latency_seconds": 3.0228819,
  "total_pipeline_seconds": 3.0228819
}