{
  "timestamp": "2025-11-24T19:37:34.6196231-09:00",
  "llm_latency_seconds": 2.7438886,
  "total_pipeline_seconds": 2.7438886
}