{
  "timestamp": "2025-11-24T19:39:10.9639932-09:00",
  "llm_latency_seconds": 3.0218245,
  "total_pipeline_seconds": 3.0218245
}