{
  "timestamp": "2025-11-24T19:37:18.1051247-09:00",
  "llm_latency_seconds": 2.1957614,
  "total_pipeline_seconds": 2.1957614
}