{
  "timestamp": "2025-11-24T19:37:22.1849598-09:00",
  "llm_latency_seconds": 3.3014338,
  "total_pipeline_seconds": 3.3014338
}