{
  "timestamp": "2025-11-24T19:38:24.6390575-09:00",
  "llm_latency_seconds": 2.7145376,
  "total_pipeline_seconds": 2.7145376
}