{
  "timestamp": "2025-11-24T19:37:39.2947838-09:00",
  "llm_latency_seconds": 3.3985255,
  "total_pipeline_seconds": 3.3985255
}