{
  "timestamp": "2025-11-24T19:40:13.0806685-09:00",
  "llm_latency_seconds": 4.1392822,
  "total_pipeline_seconds": 4.1392822
}