{
  "timestamp": "2025-11-24T19:38:42.9752461-09:00",
  "llm_latency_seconds": 3.0202651,
  "total_pipeline_seconds": 3.0202651
}