{
  "timestamp": "2025-11-24T19:39:58.5467612-09:00",
  "llm_latency_seconds": 3.6129583,
  "total_pipeline_seconds": 3.6129583
}