{
  "timestamp": "2025-11-24T19:37:31.1348033-09:00",
  "llm_latency_seconds": 2.2369166,
  "total_pipeline_seconds": 2.2369166
}