{
  "timestamp": "2025-11-24T19:38:13.1164262-09:00",
  "llm_latency_seconds": 3.2226101,
  "total_pipeline_seconds": 3.2226101
}