{
  "timestamp": "2025-11-24T19:37:15.1319076-09:00",
  "llm_latency_seconds": 3.2243889,
  "total_pipeline_seconds": 3.2243889
}