{
  "timestamp": "2025-11-24T19:39:06.845304-09:00",
  "llm_latency_seconds": 2.9070265,
  "total_pipeline_seconds": 2.9070265
}