{
  "timestamp": "2025-11-24T19:38:50.9460496-09:00",
  "llm_latency_seconds": 3.0023531,
  "total_pipeline_seconds": 3.0023531
}