{
  "timestamp": "2025-11-24T19:39:02.3414563-09:00",
  "llm_latency_seconds": 2.4028748,
  "total_pipeline_seconds": 2.4028748
}