{
  "timestamp": "2025-11-24T19:38:38.2431944-09:00",
  "llm_latency_seconds": 3.3190586,
  "total_pipeline_seconds": 3.3190586
}