{
  "timestamp": "2025-11-24T19:40:07.9517217-09:00",
  "llm_latency_seconds": 3.0147311,
  "total_pipeline_seconds": 3.0147311
}