{
  "timestamp": "2025-11-24T19:37:06.519027-09:00",
  "llm_latency_seconds": 2.6221835,
  "total_pipeline_seconds": 2.6221835
}