{
  "timestamp": "2025-11-24T19:39:19.5611091-09:00",
  "llm_latency_seconds": 2.6168456,
  "total_pipeline_seconds": 2.6168456
}