{
  "timestamp": "2025-11-24T19:38:54.2100671-09:00",
  "llm_latency_seconds": 2.276584,
  "total_pipeline_seconds": 2.276584
}