{
  "timestamp": "2025-11-24T19:37:47.7495501-09:00",
  "llm_latency_seconds": 2.8240258,
  "total_pipeline_seconds": 2.8240258
}