{
  "timestamp": "2025-11-24T19:36:54.7424166-09:00",
  "llm_latency_seconds": 2.8367815,
  "total_pipeline_seconds": 2.8367815
}