{
  "timestamp": "2025-11-24T19:36:46.3684326-09:00",
  "llm_latency_seconds": 3.4840546,
  "total_pipeline_seconds": 3.4840546
}