{
  "timestamp": "2025-11-24T19:38:16.897198-09:00",
  "llm_latency_seconds": 2.9937178,
  "total_pipeline_seconds": 2.9937178
}