{
  "timestamp": "2025-11-24T19:40:16.6640477-09:00",
  "llm_latency_seconds": 2.7189339,
  "total_pipeline_seconds": 2.7189339
}