{
  "timestamp": "2025-11-24T19:38:46.7510697-09:00",
  "llm_latency_seconds": 2.8073906,
  "total_pipeline_seconds": 2.8073906
}