{
  "timestamp": "2025-11-24T19:37:10.2313184-09:00",
  "llm_latency_seconds": 2.3318428,
  "total_pipeline_seconds": 2.3318428
}