{
  "timestamp": "2025-11-24T19:39:15.3551491-09:00",
  "llm_latency_seconds": 3.4183648,
  "total_pipeline_seconds": 3.4183648
}