{
  "timestamp": "2025-11-24T19:39:53.8190292-09:00",
  "llm_latency_seconds": 4.8717019,
  "total_pipeline_seconds": 4.8717019
}