{
  "timestamp": "2025-11-24T19:38:58.5524552-09:00",
  "llm_latency_seconds": 2.6053457,
  "total_pipeline_seconds": 2.6053457
}