{
  "timestamp": "2025-11-24T19:37:27.3406204-09:00",
  "llm_latency_seconds": 3.4324792,
  "total_pipeline_seconds": 3.4324792
}