{
  "timestamp": "2025-11-24T19:39:24.0778312-09:00",
  "llm_latency_seconds": 3.1250167,
  "total_pipeline_seconds": 3.1250167
}