{
  "timestamp": "2025-11-03T23:11:06.3167791-09:00",
  "llm_latency_seconds": 7.1256508,
  "total_pipeline_seconds": 7.1256508
}