{
  "timestamp": "2025-11-03T23:09:41.916121-09:00",
  "llm_latency_seconds": 5.1230701,
  "total_pipeline_seconds": 5.1230701
}