{
  "timestamp": "2025-11-03T23:09:29.5264353-09:00",
  "llm_latency_seconds": 5.5551129,
  "total_pipeline_seconds": 5.5551129
}