{
  "timestamp": "2025-11-03T23:10:30.9890256-09:00",
  "llm_latency_seconds": 6.8529486,
  "total_pipeline_seconds": 6.8529486
}