{
  "timestamp": "2025-11-03T23:11:14.2372997-09:00",
  "llm_latency_seconds": 6.9353669,
  "total_pipeline_seconds": 6.9353669
}