{
  "timestamp": "2025-11-03T23:10:00.3865669-09:00",
  "llm_latency_seconds": 5.5066457,
  "total_pipeline_seconds": 5.5066457
}