{
  "timestamp": "2025-11-03T23:09:47.7886469-09:00",
  "llm_latency_seconds": 5.1185033,
  "total_pipeline_seconds": 5.1185033
}