{
  "timestamp": "2025-11-03T23:09:36.1063597-09:00",
  "llm_latency_seconds": 5.7388688,
  "total_pipeline_seconds": 5.7388688
}