{
  "timestamp": "2025-11-03T23:10:23.3672879-09:00",
  "llm_latency_seconds": 6.2627238,
  "total_pipeline_seconds": 6.2627238
}