{
  "timestamp": "2025-11-03T23:10:15.9325518-09:00",
  "llm_latency_seconds": 5.2474222,
  "total_pipeline_seconds": 5.2474222
}