{
  "timestamp": "2025-11-03T23:10:58.3426547-09:00",
  "llm_latency_seconds": 8.5481604,
  "total_pipeline_seconds": 8.5481604
}