{
  "timestamp": "2025-11-03T23:10:38.9825496-09:00",
  "llm_latency_seconds": 7.2533514,
  "total_pipeline_seconds": 7.2533514
}