{
  "timestamp": "2025-11-03T23:10:09.5550523-09:00",
  "llm_latency_seconds": 8.232575,
  "total_pipeline_seconds": 8.232575
}