{
  "timestamp": "2025-11-03T23:09:22.9952077-09:00",
  "llm_latency_seconds": 6.0145158,
  "total_pipeline_seconds": 6.0145158
}