{
  "timestamp": "2025-11-03T23:09:54.0393599-09:00",
  "llm_latency_seconds": 5.5187276,
  "total_pipeline_seconds": 5.5187276
}