{
  "timestamp": "2025-11-03T23:10:49.0491625-09:00",
  "llm_latency_seconds": 9.1591095,
  "total_pipeline_seconds": 9.1591095
}